5700 W BROADWAY MINNEAPOLIS MN 55428-3548,
7323 58TH AVE. N CRYSTAL MN 55429,
7301 BASS LAKE RD. CRYSTAL MN 55428,
8525 62ND AVE. N. NEW HOPE MN 55428,
7950 55TH AVE. N NEW HOPE MN 55428,
5530 ZEALAND AVE. N. NEW HOPE MN 55428,
5530 ZEALAND AVE. N. NEW HOPE MN 55428,
5530 ZEALAND AVE. N. NEW HOPE MN 55428,
5530 ZEALAND AVE. N. NEW HOPE MN 55542,
5530 ZEALAND AVE. N. NEW HOPE MN 55428,
5530 ZEALAND AVE. N. NEW HOPE MN 55428,
7940 55TH AVE. N. NEW HOPE MN 55428,
7940 55TH AVE. N. NEW HOPE MN 55428,
7940 55TH AVE. N. NEW HOPE MN 55428,
5530 ZEALAND AVE. N NEW HOPE MN 55428,
5530 ZEALAND AVE. N. NEW HOPE MN 55428,
7940 55TH AVE. N. NEW HOPE MN 55428,
13450 MAPLE KNOLL WAY MAPLE GROVE MN 55369,
8001 MAIN ST. N. MAPLE GROVE MN 55369,
12800 ARBOR LAKES PARKWAY MAPLE GROVE MN 55369-7064,
6777 HEMLOCK LANE MAPLE GROVE MN 55369,
6710 E. FISH LAKE RD. MAPLE GROVE MN 55369,
7000 HEMLOCK LN. MAPLE GROVE MN 55369,
6880 HEMLOCK LANE MAPLE GROVE MN 55369-5502,
6200 W. BROADWAY AVE. MINNEAPOLIS MN 55428,
6200 W. BROADWAY BROOKLYN PARK MN 55428,
6601 XYLON AVE. N. BROOKLYN PARK MN 55428,
6601 XYLON AVE. N. BROOKLYN PARK MN 55428,
9110 BROOKLYN BLVD MN 55445 BROOKLYN PARK MN 55445,
9000 BROOKLYN BLVD. BROOKLYN PARK MN 55445,
7008 NORTHLAND DR. BROOKLYN PARK MN 55428,
7008 NORTHLAND DR. BROOKLYN PARK MN 55428,
9201 75TH AVE. N BROOKLYN PARK MN 55428,
9201 75TH AVE. N. BROOKLYN PARK MN 55428,
7600 BOONE AVE. N. BROOKLYN PARK MN 55428,
9000 BROOKLYN BLVD BROOKLYN PARK MN 55445,
7300 BOONE AVE. N. BROOKLYN PARK MN 55428,
7300 BOONE AVE. N. BROOKLYN PARK MN 55428,
7300 BOONE AVE. N. BROOKLYN PARK MN 55428,
7300 BOONE AVE. N. BROOKLYN PARK MN 55428,
9000 BROOKLYN BLVD BROOKLYN PARK MN 55445,
9000 BROOKLYN BLVD BROOKLYN PARK MN 55445,
7300 BOONE AVE. N BROOKLYN PARK MN 55428,
7411 N. 85TH AVE. BROOKLYN PARK MN 55445,
7301 WEST BROADWAY AVENUE BROOKLYN PARK MN 55428-1216,
7400 HAMPSHIRE AVE. N. BROOKLYN PARK MN 55428